{"type":"FeatureCollection","metadata":{"generated":1452672468000,"url":"http://earthquake.usgs.gov/earthquakes/feed/v1.0/summary/significant_week.geojson","title":"USGS Significant Earthquakes, Past Week","status":200,"api":"1.1.0","count":3},"features":[{"type":"Feature","properties":{"mag":6.5,"place":"230km SE of Sarangani, Philippines","time":1452530287070,"updated":1452568291059,"tz":480,"url":"http://earthquake.usgs.gov/earthquakes/eventpage/us10004dj5","detail":"http://earthquake.usgs.gov/earthquakes/feed/v1.0/detail/us10004dj5.geojson","felt":1,"cdi":2.7,"mmi":7.12,"alert":"green","status":"reviewed","tsunami":1,"sig":650,"net":"us","code":"10004dj5","ids":",pt16011050,at00o0srjp,us10004dj5,gcmt20160111163807,","sources":",pt,at,us,gcmt,","types":",cap,dyfi,geoserve,impact-link,losspager,moment-tensor,moment-tensor,nearby-cities,origin,phase-data,shakemap,tectonic-summary,","nst":null,"dmin":3.111,"rms":0.66,"gap":22,"magType":"mww","type":"earthquake","title":"M 6.5 - 230km SE of Sarangani, Philippines"},"geometry":{"type":"Point","coordinates":[126.8669,3.8639,20.8]},"id":"us10004dj5"},
{"type":"Feature","properties":{"mag":4.8,"place":"32km NW of Fairview, Oklahoma","time":1452140878780,"updated":1452618946545,"tz":-360,"url":"http://earthquake.usgs.gov/earthquakes/eventpage/us10004bz5","detail":"http://earthquake.usgs.gov/earthquakes/feed/v1.0/detail/us10004bz5.geojson","felt":2699,"cdi":6.1,"mmi":4.96,"alert":"green","status":"reviewed","tsunami":0,"sig":964,"net":"us","code":"10004bz5","ids":",us10004bz5,","sources":",us,","types":",cap,dyfi,general-link,geoserve,losspager,moment-tensor,nearby-cities,origin,phase-data,shakemap,tectonic-summary,","nst":null,"dmin":0.214,"rms":1,"gap":127,"magType":"mb","type":"earthquake","title":"M 4.8 - 32km NW of Fairview, Oklahoma"},"geometry":{"type":"Point","coordinates":[-98.7142,36.4931,5.96]},"id":"us10004bz5"},
{"type":"Feature","properties":{"mag":4.39,"place":"4km NNW of Banning, California","time":1452091354880,"updated":1452662572401,"tz":-480,"url":"http://earthquake.usgs.gov/earthquakes/eventpage/ci37510616","detail":"http://earthquake.usgs.gov/earthquakes/feed/v1.0/detail/ci37510616.geojson","felt":7816,"cdi":4.8,"mmi":6.4,"alert":"green","status":"reviewed","tsunami":1,"sig":776,"net":"ci","code":"37510616","ids":",at00o0jcuy,ci37510616,","sources":",at,ci,","types":",cap,dyfi,focal-mechanism,general-link,geoserve,impact-link,losspager,moment-tensor,nearby-cities,origin,phase-data,scitech-link,shakemap,","nst":136,"dmin":0.05405,"rms":0.18,"gap":12,"magType":"mw","type":"earthquake","title":"M 4.4 - 4km NNW of Banning, California"},"geometry":{"type":"Point","coordinates":[-116.8883333,33.9585,16.67]},"id":"ci37510616"}],"bbox":[-116.8883333,3.8639,5.96,126.8669,36.4931,20.8]}
