<?xml version="1.0" encoding="utf-8"?>
<feed xmlns="http://www.w3.org/2005/Atom"><title>Doing Math with Python</title><link href="http://doingmathwithpython.github.io/" rel="alternate"></link><link href="http://doingmathwithpython.github.io/feeds/updates.atom.xml" rel="self"></link><id>http://doingmathwithpython.github.io/</id><updated>2015-09-11T08:20:00+10:00</updated><entry><title>Chapter code and Errata</title><link href="http://doingmathwithpython.github.io/chapter-code-errata.html" rel="alternate"></link><updated>2015-09-11T08:20:00+10:00</updated><author><name>Amit Saha</name></author><id>tag:doingmathwithpython.github.io,2015-09-11:chapter-code-errata.html</id><summary type="html">&lt;p&gt;You can find the chapter programs and snippets linked from the &lt;a class="reference external" href="http://doingmathwithpython.github.io/pages/programs.html"&gt;programs&lt;/a&gt; page. They should be free
from any error mentioned on the &lt;a class="reference external" href="http://doingmathwithpython.github.io/pages/errata.html"&gt;errata&lt;/a&gt; page.&lt;/p&gt;
&lt;div class="section" id="stay-in-touch"&gt;
&lt;h2&gt;Stay in touch&lt;/h2&gt;
&lt;p&gt;You can stay connected with the book, its readers and me via the
following channels:&lt;/p&gt;
&lt;ul class="simple"&gt;
&lt;li&gt;&lt;a class="reference external" href="https://www.facebook.com/doingmathwithpython"&gt;Facebook page&lt;/a&gt;&lt;/li&gt;
&lt;li&gt;&lt;a class="reference external" href="https://plus.google.com/u/0/communities/113121562865298236232"&gt;G+ Community&lt;/a&gt;&lt;/li&gt;
&lt;li&gt;&lt;a class="reference external" href="https://twitter.com/mathwithpython"&gt;Twitter&lt;/a&gt;&lt;/li&gt;
&lt;/ul&gt;
&lt;p&gt;You can contact me directly via:&lt;/p&gt;
&lt;ul class="simple"&gt;
&lt;li&gt;Twitter: &lt;a class="reference external" href="https://twitter.com/mathwithpython"&gt;&amp;#64;mathwithpython&lt;/a&gt;&lt;/li&gt;
&lt;li&gt;Email : &lt;a class="reference external" href="mailto:doingmathwithpython&amp;#64;gmail.com"&gt;doingmathwithpython&amp;#64;gmail.com&lt;/a&gt;&lt;/li&gt;
&lt;/ul&gt;
&lt;/div&gt;
</summary></entry><entry><title>Doing Math with Python Available now!</title><link href="http://doingmathwithpython.github.io/available-now.html" rel="alternate"></link><updated>2015-09-02T08:00:00+10:00</updated><author><name>Amit Saha</name></author><id>tag:doingmathwithpython.github.io,2015-09-02:available-now.html</id><summary type="html">&lt;p&gt;Hi all, I am very excited to announce that the book is now available for
purchase in print and electronic formats from various online stores
including &lt;a class="reference external" href="http://www.amazon.com/Doing-Math-Python-Programming-Statistics/dp/1593276400"&gt;Amazon&lt;/a&gt;
and &lt;a class="reference external" href="https://www.nostarch.com/doingmathwithpython"&gt;No Starch Press&lt;/a&gt;.
Please see the &lt;a class="reference external" href="http://doingmathwithpython.github.io/pages/buy.html"&gt;Buy&lt;/a&gt; page for others.&lt;/p&gt;
&lt;a class="reference external image-reference" href="http://www.nostarch.com/doingmathwithpython"&gt;&lt;img alt="Book cover" class="align-center" src="http://doingmathwithpython.github.io/images/cover.png" /&gt;&lt;/a&gt;
&lt;p&gt;If you are keen to take a look at the contents and read a sample
chapter, please head over to &lt;a class="reference external" href="https://www.nostarch.com/doingmathwithpython"&gt;No Starch's book page&lt;/a&gt;.&lt;/p&gt;
&lt;p&gt;Alternatively, if you are keen to recieve a review copy, please email
&lt;cite&gt;doingmathwithpython&amp;#64;gmail.com&lt;/cite&gt; and I will try to request one from the
publishers.&lt;/p&gt;
&lt;div class="section" id="stay-in-touch"&gt;
&lt;h2&gt;Stay in touch&lt;/h2&gt;
&lt;p&gt;You can stay connected with the book, its readers and me via the
following channels:&lt;/p&gt;
&lt;ul class="simple"&gt;
&lt;li&gt;&lt;a class="reference external" href="https://www.facebook.com/doingmathwithpython"&gt;Facebook page&lt;/a&gt;&lt;/li&gt;
&lt;li&gt;&lt;a class="reference external" href="https://plus.google.com/u/0/communities/113121562865298236232"&gt;G+ Community&lt;/a&gt;&lt;/li&gt;
&lt;li&gt;&lt;a class="reference external" href="https://twitter.com/mathwithpython"&gt;Twitter&lt;/a&gt;&lt;/li&gt;
&lt;/ul&gt;
&lt;p&gt;You can contact me directly via:&lt;/p&gt;
&lt;ul class="simple"&gt;
&lt;li&gt;Twitter: &lt;a class="reference external" href="https://twitter.com/mathwithpython"&gt;&amp;#64;mathwithpython&lt;/a&gt;&lt;/li&gt;
&lt;li&gt;Email : &lt;a class="reference external" href="mailto:doingmathwithpython&amp;#64;gmail.com"&gt;doingmathwithpython&amp;#64;gmail.com&lt;/a&gt;&lt;/li&gt;
&lt;/ul&gt;
&lt;/div&gt;
</summary></entry><entry><title>All chapters completed, off to the printers</title><link href="http://doingmathwithpython.github.io/off-to-printers.html" rel="alternate"></link><updated>2015-08-15T23:27:00+10:00</updated><author><name>Amit Saha</name></author><id>tag:doingmathwithpython.github.io,2015-08-15:off-to-printers.html</id><summary type="html">&lt;p&gt;I am very excited to write that all the chapters has been completed
and the book is currently with the printers! You can find out more
about the contents (including a detailed table of contents) from the
&lt;a class="reference external" href="http://doingmathwithpython.github.io/pages/about.html"&gt;About&lt;/a&gt; page.&lt;/p&gt;
&lt;p&gt;You can stay connected with the book, its readers and me via the
following channels:&lt;/p&gt;
&lt;ul class="simple"&gt;
&lt;li&gt;&lt;a class="reference external" href="https://www.facebook.com/doingmathwithpython"&gt;Facebook page&lt;/a&gt;&lt;/li&gt;
&lt;li&gt;&lt;a class="reference external" href="https://plus.google.com/u/0/communities/113121562865298236232"&gt;G+ Community&lt;/a&gt;&lt;/li&gt;
&lt;li&gt;&lt;a class="reference external" href="https://twitter.com/mathwithpython"&gt;Twitter&lt;/a&gt;&lt;/li&gt;
&lt;/ul&gt;
</summary></entry><entry><title>Introduction to "Doing Math with Python"</title><link href="http://doingmathwithpython.github.io/hello-world.html" rel="alternate"></link><updated>2015-05-24T23:27:00+10:00</updated><author><name>Amit Saha</name></author><id>tag:doingmathwithpython.github.io,2015-05-24:hello-world.html</id><summary type="html">&lt;p&gt;Hi all, this is the blog for my book &amp;quot;Doing Math with Python&amp;quot;.&lt;/p&gt;
&lt;a class="reference external image-reference" href="http://www.nostarch.com/doingmathwithpython"&gt;&lt;img alt="Book cover" class="align-center" src="http://doingmathwithpython.github.io/images/cover.png" /&gt;&lt;/a&gt;
&lt;p&gt;The first six chapters of the book are already available via the
publisher's early access program. You can learn briefly about each
chapter on the &lt;a class="reference external" href="http://doingmathwithpython.github.io/pages/about.html"&gt;About&lt;/a&gt; page.
Going forward, I will be sharing updates regarding the book and posting
original content related to that discussed in the book.&lt;/p&gt;
&lt;p&gt;You can stay connected with the book, its readers and me via the
following channels:&lt;/p&gt;
&lt;ul class="simple"&gt;
&lt;li&gt;&lt;a class="reference external" href="https://www.facebook.com/doingmathwithpython"&gt;Facebook page&lt;/a&gt;&lt;/li&gt;
&lt;li&gt;&lt;a class="reference external" href="https://plus.google.com/u/0/communities/113121562865298236232"&gt;G+ Community&lt;/a&gt;&lt;/li&gt;
&lt;li&gt;&lt;a class="reference external" href="https://twitter.com/mathwithpython"&gt;Twitter&lt;/a&gt;&lt;/li&gt;
&lt;/ul&gt;
</summary></entry></feed>